測站名稱,測站位置,空品區,運作日期開始,測站類別(主),測站類別(輔),縣市,鄉鎮區,地址,經緯度,東經,CO,NO2,O3,PM10,PM2.5,SO2,NHMC,AMB_TEMP,RAINFALL,RH,WD_HR,WS_HR,WIND_DIREC,WIND_SPEED,RAIN_COND,PH_RAIN,UVB,其它監測項目,細懸浮微粒手動監測,測站高度(m),採樣口高度(m),採樣口氣流角度(°),國道、省道,距離(km),一般道路,距離(m),所在鄉鎮市區人口數量(人),所在鄉鎮市區人口密度(人/平方公里),P_SOX,P_NOX,P_THC,P_TSP,L_SOX,L_NOX,L_THC,L_TSP,A_SOX,A_NOX,A_THC,A_TSP,P_SOX,P_NOX,P_THC,P_TSP,L_SOX,L_NOX,L_THC,L_TSP,A_SOX,A_NOX,A_THC,A_TSP,SOX_fac,SOX_emi,position,distance,NOX_fac,NOX_emi,position,distance,THC_fac,THC_emi,position,distance,TSP_fac,TSP_emi,position,distance
基隆,基隆女中,北部空品區,1991/7/15,一般站,-,基隆市,信義區,基隆市東信路324號,北緯：25度7分45秒 東經：121度45分36.2秒,,HORIBA_APMA360,ECOTECH_ML9841,ECOTECH_ML9810,METONE_BAM1020,METONE_BAM1020,ECOTECH_ML9850,HORIBA,Metone 083D,Ogasawara us-760S,Metone 083D,Metone 024 A,Metone 014A,Metone 024 A,Metone 014A,-,-,-,"NO,NOx,CH4,THC",有進行手動監測,12,16.5,360,,,,,"52,735","4,942",4402.6,3026.9,565.6,182.6,2.3,2137.5,1904,2137.5,37.8,83.6,1768.8,2604,99.1,57.7,13.3,3.7,0.1,40.7,44.9,43.4,0.8,1.6,41.8,52.9,,,,,,,,,,,,,,,,
汐止,忠厚市場,北部空品區,1991/7/19,一般站,-,新北市,汐止區,221新北市汐止區樟樹二路136巷221號,北緯：25度4分1.7秒 東經：121度38分32.3秒,,HORIBA_APMA360,ECOTECH_ML9841,ECOTECH_ML9810,METONE_BAM1020,METONE_BAM1020,ECOTECH_ML9850,-,Metone 083D,Ogasawara us-760S,Metone 083D,Metone 024 A,Metone 014A,Metone 024 A,Metone 014A,-,-,-,"NO,NOx",有進行手動監測,9,13.5,360,,,,,"204,671","2,873",64,419.5,957.6,137,5.8,4998.8,5435,4998.8,144.5,299.2,4911.3,5750.5,29.8,7.3,8.5,1.3,2.7,87.4,48.1,45.9,67.5,5.3,43.4,52.8,,,,,,,,,,,,,,,,
萬里,綜合商場,北部空品區,1991/7/17,一般站,背景站,新北市,萬里區,新北市萬里區瑪鋉路221號,北緯：25度10分46.8秒 東經：121度41分23.6秒,,HORIBA_APMA360,ECOTECH_ML9841,ECOTECH_ML9810,METONE_BAM1020,METONE_BAM1020,ECOTECH_ML9850,-,Metone 083D,Ogasawara us-760S,Metone 083D,Metone 024 A,Metone 014A,Metone 024 A,Metone 014A,Ogasawara us-760S,Ogasawara us-760S,-,"NO,NOx",無進行手動監測,27,31.5,360,,,,,"21,128",333,4386.7,3012.4,586.7,189.2,2,1844.3,1678.8,1844.3,32.5,74.3,1451,2417.9,99.2,61.1,15.8,4.2,0,37.4,45.2,41.4,0.8,1.5,39,54.4,,,,,,,,,,,,,,,,
新店,大豐國小,北部空品區,1991/7/18,一般站,-,新北市,新店區,新北市新店區民族路108號,北緯：24度58分38秒 東經：121度32分16秒,,HORIBA_APMA360,ECOTECH_ML9841,ECOTECH_ML9810,METONE_BAM1020,METONE_BAM1020,ECOTECH_ML9850,-,Metone 083D,Ogasawara us-760S,Metone 083D,Metone 024 A,Metone 014A,Metone 024 A,Metone 014A,-,-,-,"NO,NOx",無進行手動監測,13,17.5,360,,,,,"295,565","2,458",137.3,646.2,1557.1,140.1,9.2,7331.7,9655.4,7331.7,285.8,601.6,5140.3,12543.9,31.8,7.5,9.5,0.7,2.1,85.5,59,36.6,66.1,7,31.5,62.7,,,,,,,,,,,,,,,,
土城,新北市立新北高級工業職業學校,北部空品區,1991/7/17,一般站,-,新北市,土城區,新北市土城區學府路一段241號,北緯：24度58分57.1秒 東經：121度27分6.7秒,,HORIBA_APMA360,ECOTECH_ML9841,ECOTECH_ML9810,METONE_BAM1020,METONE_BAM1020,ECOTECH_ML9850,HORIBA,Metone 083D,Ogasawara us-760S,Metone 083D,Metone 024 A,Metone 014A,Metone 024 A,Metone 014A,-,-,-,"NO,NOx,CH4,THC",無進行手動監測,13,17.5,360,,,,,"236,403","7,998",996.8,2133,5760.2,368.4,9.7,8195.2,9716.7,8195.2,261,563.4,293.3,12680,78.6,19.6,36.5,1.7,0.8,75.2,61.6,38.6,20.6,5.2,1.9,59.7,,,,,,,,,,,,,,,,
板橋,新北市立板橋高級中學,北部空品區,1991/7/17,一般站,-,新北市,板橋區,新北市板橋區文化路一段25號,北緯：25度0分46.7秒 東經：121度27分31.2秒,,HORIBA_APMA360,ECOTECH_ML9841,ECOTECH_ML9810,METONE_BAM1020,METONE_BAM1020,ECOTECH_ML9850,HORIBA,Metone 083D,Ogasawara us-760S,Metone 083D,Metone 024 A,Metone 014A,Metone 024 A,Metone 014A,Ogasawara us-760S,Ogasawara us-760S,,"NO,NOx,CH4,THC",有進行手動監測,15,19.5,360,,,,,"234,804","10,148",961.2,2129.9,6122.3,348.7,13.3,11505.3,12929,11505.3,340,730.1,308.8,15581.3,73.1,14.8,31.6,1.3,1,80.1,66.8,41.9,25.9,5.1,1.6,56.8,,,,,,,,,,,,,,,,
新莊,輔仁大學,北部空品區,1991/7/17,一般站,-,新北市,新莊區,新北市新莊區中正路510號,北緯：25度2分16.7秒 東經：121度25分57秒,,HORIBA_APMA360,ECOTECH_ML9841,ECOTECH_ML9810,METONE_BAM1020,METONE_BAM1020,ECOTECH_ML9850,-,Metone 083D,Ogasawara us-760S,Metone 083D,Metone 024 A,Metone 014A,Metone 024 A,Metone 014A,-,-,-,"NO,NOx",無進行手動監測,13,17.5,360,,,,,"418,443","21,200",1215.6,3363.4,6228.5,535.9,12.2,10941.3,11471.2,10941.3,292.8,631.8,497.3,14831.4,79.9,22.5,34.2,2,0.8,73.3,63,41.6,19.3,4.2,2.8,56.4,,,,,,,,,,,,,,,,
菜寮,新北市市立三重高級商工,北部空品區,1991/7/17,一般站,-,新北市,三重區,新北市三重區中正北路163號,北緯：25度4分8.2秒 東經：121度28分51.7秒,,HORIBA_APMA360,ECOTECH_ML9841,ECOTECH_ML9810,METONE_BAM1020,METONE_BAM1020,ECOTECH_ML9850,-,Metone 083D,Ogasawara us-760S,Metone 083D,Metone 024 A,Metone 014A,Metone 024 A,Metone 014A,-,-,-,"NO,NOx",無進行手動監測,13,17.5,360,,,,,"378,723","23,210",390.8,1166.6,2578.6,250,13.2,11091.8,13268.5,11091.8,373.6,793.3,295.9,16808.5,50.3,8.9,16,0.9,1.7,85,82.2,39.4,48,6.1,1.8,59.7,,,,,,,,,,,,,,,,
林口,新北市特教中心,北部空品區,1991/7/17,一般站,-,新北市,林口區,新北市林口區文化路一段425號,北緯：25度4分37.9秒 東經：121度22分36.7秒,,HORIBA_APMA360,ECOTECH_ML9841,ECOTECH_ML9810,METONE_BAM1020,METONE_BAM1020,ECOTECH_ML9850,-,Metone 083D,Ogasawara us-760S,Metone 083D,Metone 024 A,Metone 014A,Metone 024 A,Metone 014A,-,-,-,"NO,NOx",無進行手動監測,15,19.5,360,,,,,"125,394","2,316",3397.9,6202.8,7331.9,841.4,7.5,7774.3,5940.2,7774.3,128.4,280.4,4162.3,10528.5,96.2,43.5,42.1,4.4,0.2,54.5,34.1,40.6,3.6,2,23.8,55,,,,,,,,,,,,,,,,
淡水,淡水氣象站,北部空品區,2004/11/20,一般站,-,新北市,淡水區,新北市淡水區中正東路42巷6號,北緯：25度9分52.2秒 東經：121度26分57.3秒,,HORIBA_APMA360,ECOTECH_ML9841,ECOTECH_ML9810,METONE_BAM1020,METONE_BAM1020,ECOTECH_ML9850,-,Metone 083D,Ogasawara us-760S,Metone 083D,-,-,Metone 024 A,Metone 014A,-,-,,"NO,NOx",無進行手動監測,0,4.5,360,,,,,"184,923","2,617",177.3,1112.6,536.7,121,4.3,3838.9,4281.1,3838.9,91.3,199,3292.4,5343.2,65,21.6,6.6,1.3,1.6,74.5,52.8,41.3,33.4,3.9,40.6,57.4,,,,,,,,,,,,,,,,
士林,中正高中,北部空品區,1991/7/18,一般站,-,臺北市,北投區,臺北市北投區文林北路77號,北緯：25度6分12秒 東經：121度30分60秒,,HORIBA_APMA360,ECOTECH_ML9841,ECOTECH_ML9810,METONE_BAM1020,METONE_BAM1020,ECOTECH_ML9850,-,Metone 083D,Ogasawara us-760S,Metone 083D,Metone 024 A,Metone 014A,Metone 024 A,Metone 014A,-,-,-,"NO,NOx",有進行手動監測,20,24,360,,,,,"239,790","4,220",157,932.6,968.6,166.8,10.9,8883.4,11252,8883.4,301.2,630.8,83.7,13656.5,33.5,8.9,7.9,0.7,2.3,85,91.4,39.1,64.2,6.1,0.7,60.2,,,,,,,,,,,,,,,,
中山,新興國中,北部空品區,1991/7/18,一般站,-,臺北市,中山區,臺北市中山區林森北路511號,北緯：25度3分44.5秒 東經：121度31分35.5秒,,HORIBA_APMA360,ECOTECH_ML9841,ECOTECH_ML9810,METONE_BAM1020,METONE_BAM1020,ECOTECH_ML9850,HORIBA,Metone 083D,Ogasawara us-760S,Metone 083D,Metone 024 A,Metone 014A,Metone 024 A,Metone 014A,-,-,-,"NO,NOx,CH4,THC",無進行手動監測,16,20.5,360,,,,,"210,000","15,349",221.3,1216.8,1929,227.8,13.3,11013.1,13416.6,11013.1,390.5,820,5118.4,16581.3,35.4,9.3,9.4,0.8,2.1,84.4,65.6,39.6,62.5,6.3,25,59.6,,,,,,,,,,,,,,,,
萬華,福星國小,北部空品區,1991/7/18,一般站,-,臺北市,萬華區,臺北市萬華區中華路1段66號,北緯：25度2分47.4秒 東經：121度30分28.7秒,,HORIBA_APMA360,ECOTECH_ML9841,ECOTECH_ML9810,METONE_BAM1020,METONE_BAM1020,ECOTECH_ML9850,HORIBA,Metone 083D,Ogasawara us-760S,Metone 083D,Metone 024 A,Metone 014A,Metone 024 A,Metone 014A,-,-,-,"NO,NOx,CH4,THC",有進行手動監測,15,19.5,360,,,,,"172,832","19,524",565.3,1861.8,2632.9,290.7,13.7,11484.1,13679.7,11484.1,397.8,837.7,2320.4,16904.8,57.9,13.1,14.1,1,1.4,81,73.4,40,40.7,5.9,12.5,59,,,,,,,,,,,,,,,,
古亭,古亭國小,北部空品區,1991/7/18,一般站,-,臺北市,大安區,臺北市大安區羅斯福路三段153號,北緯：25度1分14.2秒 東經：121度31分46.4秒,,HORIBA_APMA360,ECOTECH_ML9841,ECOTECH_ML9810,METONE_BAM1020,METONE_BAM1020,ECOTECH_ML9850,HORIBA,Metone 083D,Ogasawara us-760S,Metone 083D,Metone 024 A,Metone 014A,Metone 024 A,Metone 014A,-,-,-,"NO,NOx,CH4,THC",無進行手動監測,15,19.5,360,,,,,"280,696","24,706",238,822.7,2262.9,178.6,13.1,10992.7,13065.5,10992.7,376.6,793.7,5121,16023.7,37.9,6.5,11.1,0.7,2.1,87.2,63.9,40.4,60,6.3,25,58.9,,,,,,,,,,,,,,,,
松山,松山國小,北部空品區,1991/7/18,一般站,-,臺北市,松山區,臺北市松山區八德路四段746號,北緯：25度3分0秒 東經：121度34分43秒,,HORIBA_APMA360,ECOTECH_ML9841,ECOTECH_ML9810,METONE_BAM1020,METONE_BAM1020,ECOTECH_ML9850,HORIBA,Metone 083D,Ogasawara us-760S,Metone 083D,Metone 024 A,Metone 014A,Metone 024 A,Metone 014A,-,-,-,"NO,NOx,CH4,THC",無進行手動監測,15,19.5,360,,,,,"187,940","20,235",135.4,1200.6,1117.2,204.4,10.4,8578.4,10523.2,8578.4,288.4,605.7,5131.2,11719.2,31.2,11.6,6.7,1,2.4,82.6,62.7,41.8,66.4,5.8,30.6,57.2,,,,,,,,,,,,,,,,
大同,重慶北路與民權西路交叉口,北部空品區,2010/8/17,交通站,-,臺北市,大同區,臺北市大同區重慶北路三段2號,北緯：25度3分47.5秒 東經：121度30分47.9秒,,HORIBA_APMA360,ECOTECH_ML9841,ECOTECH_ML9810,METONE_BAM1020,METONE_BAM1020,ECOTECH_ML9850,HORIBA,-,Ogasawara us-760S,Metone 083D,-,-,-,-,-,-,-,"NO,NOx,CH4,THC",無進行手動監測,1,6.5,180,,,,,"118,164","20,798",474.6,1609.8,2426,254.8,13.5,11223.7,13584.8,11223.7,397.1,835.4,2314.3,16874.4,53.6,11.8,13.2,0.9,1.5,82.1,74.1,39.6,44.9,6.1,12.7,59.5,,,,,,,,,,,,,,,,
桃園,桃園市西門國小,北部空品區,1991/7/19,一般站,-,桃園市,桃園區,桃園市桃園區莒光街15號,北緯：24度59分12.4秒 東經：121度18分31.4秒,,HORIBA_APMA360,ECOTECH_ML9841,ECOTECH_ML9810,METONE_BAM1020,METONE_BAM1020,ECOTECH_ML9850,HORIBA,Metone 083D,Ogasawara us-760S,Metone 083D,Metone 024 A,Metone 014A,Metone 024 A,Metone 014A,-,-,,"NO,NOx,CH4,THC",有進行手動監測,10,14.5,360,,,,,"458,458","13,172",2047.8,4774.8,9439.8,1015.1,8.8,9779.8,6403.5,9779.8,147.3,315.5,1232.7,13095.2,92.9,32.1,55.3,4.2,0.4,65.8,37.5,40.9,6.7,2.1,7.2,54.9,,,,,,,,,,,,,,,,
大園,大園國小,北部空品區,1991/7/19,一般站,-,桃園市,大園區,桃園市大園區中正東路160號,北緯：25度3分37.2秒 東經：121度12分6.5秒,,HORIBA_APMA360,ECOTECH_ML9841,ECOTECH_ML9810,METONE_BAM1020,METONE_BAM1020,ECOTECH_ML9850,-,Metone 083D,Ogasawara us-760S,Metone 083D,Metone 024 A,Metone 014A,Metone 024 A,Metone 014A,-,-,-,"NO,NOx",無進行手動監測,12,16.5,360,,,,,"86,775",993,2336.1,4154.6,7579.1,1175.3,4.6,5390.6,3172.7,5390.6,58.2,125,432.5,8716.2,97.4,43,67.8,7.7,0.2,55.7,28.4,35.3,2.4,1.3,3.8,57,,,,,,,,,,,,,,,,
觀音,觀音國小,北部空品區,1991/7/19,背景站,-,桃園市,觀音區,桃園市觀音區文化路2號,北緯：25度2分7.8秒 東經：121度4分57.9秒,,HORIBA_APMA360,ECOTECH_ML9841,ECOTECH_ML9810,METONE_BAM1020,METONE_BAM1020,ECOTECH_ML9850,-,Metone 083D,Ogasawara us-760S,Metone 083D,Metone 024 A,Metone 014A,Metone 024 A,Metone 014A,Ogasawara us-760S,Ogasawara us-760S,-,"NO,NOx",無進行手動監測,10,14.5,360,,,,,"71,790",816,1309,6571.2,4464.2,744.2,1.8,2001,1475.8,2001,16.7,36.7,329.7,4746.3,98.6,76.3,71.2,9.9,0.1,23.2,23.5,26.7,1.3,0.5,5.3,63.4,,,,,,,,,,,,,,,,
平鎮,平鎮區復興復旦里集會所,北部空品區,1991/7/19,一般站,-,桃園市,平鎮區,324桃園市平鎮區復興街55號,北緯：24度57分10秒 東經：121度12分14.3秒,,HORIBA_APMA360,ECOTECH_ML9841,ECOTECH_ML9810,METONE_BAM1020,METONE_BAM1020,ECOTECH_ML9850,-,Metone 083D,Ogasawara us-760S,Metone 083D,Metone 024 A,Metone 014A,Metone 024 A,Metone 014A,-,-,-,"NO,NOx",有進行手動監測,11,15.5,360,,,,,"227,099","4,756",954.1,1767.5,10299.9,472,6.8,8079.6,4566.7,8079.6,108.1,231.7,895.2,11834.5,89.2,17.5,65.3,2.3,0.6,80.2,29,39.6,10.2,2.3,5.7,58.1,,,,,,,,,,,,,,,,
龍潭,龍潭鄉公所,北部空品區,1991/7/19,一般站,-,桃園市,龍潭區,桃園市龍潭區中正路210號,北緯：24度51分49.9秒 東經：121度12分58.9秒,,HORIBA_APMA360,ECOTECH_ML9841,ECOTECH_ML9810,METONE_BAM1020,METONE_BAM1020,ECOTECH_ML9850,-,Metone 083D,Ogasawara us-760S,Metone 083D,Metone 024 A,Metone 014A,Metone 024 A,Metone 014A,-,-,-,"NO,NOx",無進行手動監測,16,20.5,360,,,,,"124,457","1,654",548.6,1063.9,6819.1,419.4,3.8,4515.1,2501.1,4515.1,53.9,114.6,505.3,5831.2,90.5,18.7,69.4,3.9,0.6,79.3,25.5,41.9,8.9,2,5.1,54.2,,,,,,,,,,,,,,,,
湖口,信勢國小,竹苗空品區,1991/7/19,一般站,-,新竹縣,湖口鄉,新竹縣湖口鄉成功路360號,北緯：24度54分0.5秒 東經：121度2分19.2秒,,HORIBA_APMA360,ECOTECH_ML9841,ECOTECH_ML9810,METONE_BAM1020,METONE_BAM1020,ECOTECH_ML9850,-,Metone 083D,Ogasawara us-760S,Metone 083D,Metone 024 A,Metone 014A,Metone 024 A,Metone 014A,-,-,-,"NO,NOx",無進行手動監測,10,14.5,360,,,,,"80,400","1,376",924.9,1617.7,9945.9,267.1,3,3444.5,2447.7,3444.5,46.4,103.8,1226.7,3482.5,94.9,31.3,73,3.7,0.3,66.7,18,47.9,4.8,2,9,48.4,,,,,,,,,,,,,,,,
竹東,大同國小,竹苗空品區,1991/7/19,一般站,-,新竹縣,竹東鎮,新竹縣竹東鎮榮樂里三民街70號,北緯：24度44分26.3秒 東經：121度5分20.1秒,,HORIBA_APMA360,ECOTECH_ML9841,ECOTECH_ML9810,METONE_BAM1020,METONE_BAM1020,ECOTECH_ML9850,-,Metone 083D,Ogasawara us-760S,Metone 083D,Metone 024 A,Metone 014A,Metone 024 A,Metone 014A,-,-,-,"NO,NOx",有進行手動監測,10,14.5,360,,,,,"96,212","1,798",278,561.5,1876.8,259.8,2.6,2962.4,2022.8,2962.4,28.7,61.6,529.9,1940.4,89.9,15.7,42.4,5,0.8,82.6,45.7,57.4,9.3,1.7,11.9,37.6,,,,,,,,,,,,,,,,
新竹,東門國小,竹苗空品區,1991/7/19,一般站,-,新竹市,東區,新竹市民族路33號,北緯：24度48分20.2秒 東經：120度58分19.5秒,,HORIBA_APMA360,ECOTECH_ML9841,ECOTECH_ML9810,METONE_BAM1020,METONE_BAM1020,ECOTECH_ML9850,HORIBA,Metone 083D,Ogasawara us-760S,Metone 083D,Metone 024 A,Metone 014A,Metone 024 A,Metone 014A,-,-,-,"NO,NOx,CH4,THC",有進行手動監測,11,15.5,360,,,,,"220,711","6,573",969,2099.9,7357.3,338.8,4.4,5178.4,3637.5,5178.4,56.7,129.4,3014.1,3353.5,94.1,28.3,52.5,3.8,0.4,69.9,26,58.4,5.5,1.8,21.5,37.8,,,,,,,,,,,,,,,,
頭份,后庄國小,竹苗空品區,1991/7/19,工業站,-,苗栗縣,頭份市,苗栗縣頭份市文化街20號,北緯：24度41分49.1秒 東經：120度53分54.9秒,,HORIBA_APMA360,ECOTECH_ML9841,ECOTECH_ML9810,METONE_BAM1020,METONE_BAM1020,ECOTECH_ML9850,HORIBA,Metone 083D,Ogasawara us-760S,Metone 083D,Metone 024 A,Metone 014A,Metone 024 A,Metone 014A,-,-,-,"NO,NOx,CH4,THC",無進行手動監測,10,14.5,360,,,,,"104,964","1,969",545.3,1034.8,2156.7,392.1,2.8,4934,1949.4,4934,19.6,53.7,1094.4,2806.9,96.1,17.2,41.5,4.8,0.5,81.9,37.5,60.7,3.4,0.9,21,34.5,,,,,,,,,,,,,,,,
苗栗,苗栗縣青年創業指揮部,竹苗空品區,1991/7/19,一般站,-,苗栗縣,苗栗市,苗栗市縣府路102號,北緯：24度33分55秒 東經：120度49分12.7秒,,HORIBA_APMA360,ECOTECH_ML9841,ECOTECH_ML9810,METONE_BAM1020,METONE_BAM1020,ECOTECH_ML9850,-,Metone 083D,Ogasawara us-760S,Metone 083D,Metone 024 A,Metone 014A,Metone 024 A,Metone 014A,-,-,,"NO,NOx",有進行手動監測,10,14.5,360,,,,,"86,001","2,270",952.4,1246.6,998.9,549.1,2.2,4441.1,1452.6,4441.1,14.5,38.5,663.7,2649.1,98.3,21.8,32.1,7.2,0.2,77.6,46.6,58.1,1.5,0.6,21.3,34.7,,,,,,,,,,,,,,,,
三義,長壽俱樂部,竹苗空品區,1991/7/19,一般站,背景站,苗栗縣,三義鄉,苗栗縣三義鄉西湖村上湖61-1號,北緯：24度22分58.6秒 東經：120度45分31.8秒,,HORIBA_APMA360,ECOTECH_ML9841,ECOTECH_ML9810,METONE_BAM1020,METONE_BAM1020,ECOTECH_ML9850,-,Metone 083D,Ogasawara us-760S,Metone 083D,Metone 024 A,Metone 014A,Metone 024 A,Metone 014A,Ogasawara us-760S,Ogasawara us-760S,-,"NO,NOx",有進行手動監測,7,11.5,360,,,,,"15,250",220,343.7,737.3,1435.4,356.4,2,3683.4,1434.1,3683.4,15.4,36.6,516.2,1620.4,95.2,16.5,42.4,6.3,0.6,82.6,42.4,65.1,4.2,0.9,15.2,28.6,,,,,,,,,,,,,,,,
豐原,國立豐原高中,中部空品區,1991/7/19,一般站,-,臺中市,豐原區,臺中市豐原區水源路150號,北緯：24度15分23.7秒 東經：120度44分30.2秒,,HORIBA_APMA360,ECOTECH_ML9841,ECOTECH_ML9810,METONE_BAM1020,METONE_BAM1020,ECOTECH_ML9850,HORIBA,Metone 083D,Ogasawara us-760S,Metone 083D,Metone 024 A,Metone 014A,Metone 024 A,Metone 014A,-,-,-,"NO,NOx,CH4,THC",有進行手動監測,12,16.5,360,,,,,"163,166","3,962",455.1,1098.9,1380.8,440.6,4.3,5164.7,3776.8,5164.7,80,185.1,932.9,5129,84.4,17,22.7,4.1,0.8,80.1,62,48.1,14.8,2.9,15.3,47.8,,,,,,,,,,,,,,,,
沙鹿,北勢國中,中部空品區,1991/7/19,一般站,-,臺中市,沙鹿區,臺中市沙鹿區英才路150號,北緯：24度13分32.3秒 東經：120度34分7.7秒,,HORIBA_APMA360,ECOTECH_ML9841,ECOTECH_ML9810,METONE_BAM1020,METONE_BAM1020,ECOTECH_ML9850,-,Metone 083D,Ogasawara us-760S,Metone 083D,Metone 024 A,Metone 014A,Metone 024 A,Metone 014A,-,-,,"NO,NOx",無進行手動監測,15,19.5,360,,,,,"96,436","2,384",10782.1,14200.2,4586.2,2374.1,6.2,8010.4,5586.8,8010.4,75.8,173.7,2074.9,7253.9,99.2,63.4,37.4,13.5,0.1,35.8,45.6,45.4,0.7,0.8,17,41.1,,,,,,,,,,,,,,,,
大里,大里圖書館,中部空品區,1991/7/19,一般站,-,臺中市,大里區,臺中市大里區大新街36號,北緯：24度5分58.6秒 東經：120度40分42.4秒,,HORIBA_APMA360,ECOTECH_ML9841,ECOTECH_ML9810,METONE_BAM1020,METONE_BAM1020,ECOTECH_ML9850,HORIBA,Metone 083D,Ogasawara us-760S,Metone 083D,Metone 024 A,Metone 014A,Metone 024 A,Metone 014A,-,-,-,"NO,NOx,CH4,THC",無進行手動監測,12,16.5,360,,,,,"211,273","7,317",156.4,815.6,3464.1,317.5,6.7,7560.4,6422.6,7560.4,125.8,295.7,2130.5,9253.9,54.1,9.4,28.8,1.9,2.3,87.2,53.4,44.1,43.6,3.4,17.8,54,,,,,,,,,,,,,,,,
忠明,國立臺中特殊教育學校,中部空品區,1991/7/19,一般站,-,臺中市,南屯區,臺中市南屯區公益路二段296號,北緯：24度9分7秒 東經：120度38分27.9秒,,HORIBA_APMA360,ECOTECH_ML9841,ECOTECH_ML9810,METONE_BAM1020,METONE_BAM1020,ECOTECH_ML9850,HORIBA,Metone 083D,Ogasawara us-760S,Metone 083D,Metone 024 A,Metone 014A,Metone 024 A,Metone 014A,-,-,-,"NO,NOx,CH4,THC",有進行手動監測,13,17.5,360,,,,,"176,100","5,634",237.9,1166.4,4736.9,411.8,9,10734,8350.1,10734,163.3,379.7,2428.8,12374.9,58,9.5,30.5,1.8,2.2,87.4,53.8,45.6,39.8,3.1,15.7,52.6,,,,,,,,,,,,,,,,
西屯,啟聰學校,中部空品區,1991/7/19,一般站,-,臺中市,西屯區,臺中市西屯區安和路1號,北緯：24度9分43.9秒 東經：120度37分0.9秒,,HORIBA_APMA360,ECOTECH_ML9841,ECOTECH_ML9810,METONE_BAM1020,METONE_BAM1020,ECOTECH_ML9850,HORIBA,Metone 083D,Ogasawara us-760S,Metone 083D,Metone 024 A,Metone 014A,Metone 024 A,Metone 014A,Ogasawara us-760S,Ogasawara us-760S,-,"NO,NOx,CH4,THC",無進行手動監測,11,15.5,360,,,,,"229,792","5,767",435,1291.1,4827.8,497.8,9.7,12147.8,8748.5,12147.8,162.4,374.9,2330.8,12513.9,71.7,9.3,30.3,2,1.6,87.9,55,48.3,26.7,2.8,14.7,49.7,,,,,,,,,,,,,,,,
彰化,延平社區活動中心,中部空品區,1991/7/19,一般站,-,彰化縣,彰化市,彰化縣彰化市文心街55號,北緯：24度3分57.6秒 東經：120度32分29.5秒,,HORIBA_APMA360,ECOTECH_ML9841,ECOTECH_ML9810,METONE_BAM1020,METONE_BAM1020,ECOTECH_ML9850,HORIBA,Metone 083D,Ogasawara us-760S,Metone 083D,Metone 024 A,Metone 014A,Metone 024 A,Metone 014A,-,-,,"NO,NOx,CH4,THC",有進行手動監測,10,14.5,360,,,,,"226,622","3,450",211.1,894.5,2302.7,259.5,4.3,7047.3,3582.6,7047.3,64.3,147.3,346.1,10853.7,75.5,11.1,37,1.4,1.5,87.1,57.5,38.8,23,1.8,5.5,59.8,,,,,,,,,,,,,,,,
線西,線西國中,中部空品區,1991/7/19,工業站,-,彰化縣,線西鄉,彰化縣線西鄉寓埔村中央路二段145號,北緯：24度7分54秒 東經：120度28分8.6秒,,HORIBA_APMA360,ECOTECH_ML9841,ECOTECH_ML9810,METONE_BAM1020,METONE_BAM1020,ECOTECH_ML9850,HORIBA,Metone 083D,Ogasawara us-760S,Metone 083D,Metone 024 A,Metone 014A,Metone 024 A,Metone 014A,-,-,-,"NO,NOx,CH4,THC",無進行手動監測,11,15.5,360,,,,,"16,353",904,5686,7678.7,1404.2,1073.4,3,5237.6,2572,5237.6,49.5,108.8,585,8592.3,99.1,59,30.8,7.2,0.1,40.2,56.4,35.1,0.8,0.8,12.8,57.7,,,,,,,,,,,,,,,,
二林,萬合國小,中部空品區,1991/7/19,一般站,-,彰化縣,二林鎮,彰化縣二林鎮萬合里江山巷1號,北緯：23度55分30.6秒 東經：120度24分34.8秒,,HORIBA_APMA360,ECOTECH_ML9841,ECOTECH_ML9810,METONE_BAM1020,METONE_BAM1020,ECOTECH_ML9850,HORIBA,Metone 083D,Ogasawara us-760S,Metone 083D,Metone 024 A,Metone 014A,Metone 024 A,Metone 014A,-,-,-,"NO,NOx,CH4,THC",無進行手動監測,7,11.5,360,,,,,"48,693",524,427.5,540.9,567.4,108.9,1.5,2765.6,1403.5,2765.6,20.4,44.5,268.3,4598.5,95.1,16.1,25.3,1.5,0.3,82.5,62.7,37,4.6,1.4,12,61.5,,,,,,,,,,,,,,,,
南投,康壽國小,中部空品區,1991/7/19,一般站,-,南投縣,南投市,南投市南陽路269號,北緯：23度54分46.8秒 東經：120度41分7.1秒,,HORIBA_APMA360,ECOTECH_ML9841,ECOTECH_ML9810,METONE_BAM1020,METONE_BAM1020,ECOTECH_ML9850,HORIBA,Metone 083D,Ogasawara us-760S,Metone 083D,Metone 024 A,Metone 014A,Metone 024 A,Metone 014A,Ogasawara us-760S,Ogasawara us-760S,,"NO,NOx,CH4,THC",有進行手動監測,12,16.5,360,,,,,"97,613","1,363",152.6,245,1293.5,188,1.8,2655.5,1774.9,2655.5,34.2,82.1,1584,4150.9,80.9,8.2,27.8,2.7,1,89,38.2,38,18.1,2.8,34,59.3,,,,,,,,,,,,,,,,
斗六,斗六高中,雲嘉南空品區,1991/7/19,一般站,-,雲林縣,斗六市,雲林縣斗六市民生路224號,北緯：23度42分42.7秒 東經：120度32分42秒,,HORIBA_APMA360,ECOTECH_ML9841,ECOTECH_ML9810,METONE_BAM1020,METONE_BAM1020,ECOTECH_ML9850,HORIBA,Metone 083D,Ogasawara us-760S,Metone 083D,Metone 024 A,Metone 014A,Metone 024 A,Metone 014A,-,-,,"NO,NOx,CH4,THC",有進行手動監測,10,14.5,360,,,,,"107,598","1,148",383.2,808.1,1814.6,168,2.2,4790.3,1765.9,4790.3,23.5,46.2,1129,3839.6,93.7,14.3,38.5,1.9,0.5,84.9,37.5,54.4,5.8,0.8,24,43.7,,,,,,,,,,,,,,,,
崙背,崙背國中,雲嘉南空品區,1991/7/19,一般站,-,雲林縣,崙背鄉,雲林縣崙背鄉南陽村大成路91號,北緯：23度45分27.2秒 東經：120度20分55.5秒,,HORIBA_APMA360,ECOTECH_ML9841,ECOTECH_ML9810,METONE_BAM1020,METONE_BAM1020,ECOTECH_ML9850,HORIBA,Metone 083D,Ogasawara us-760S,Metone 083D,Metone 024 A,Metone 014A,Metone 024 A,Metone 014A,Ogasawara us-760S,Ogasawara us-760S,-,"NO,NOx,CH4,THC",無進行手動監測,3,3.5,360,,,,,"23,266",398,98.9,145.4,102.9,55.2,0.9,1515.3,1056.4,1515.3,17.2,33.8,1242.7,3606.7,84.5,8.6,4.3,1.1,0.8,89.4,44,29.3,14.7,2,51.7,69.6,,,,,,,,,,,,,,,,
新港,新港國小,雲嘉南空品區,1991/7/19,一般站,-,嘉義縣,新港鄉,嘉義縣新港鄉登雲路105號,北緯：23度33分17.4秒 東經：120度20分43.9秒,,HORIBA_APMA360,ECOTECH_ML9841,ECOTECH_ML9810,METONE_BAM1020,METONE_BAM1020,ECOTECH_ML9850,-,Metone 083D,Ogasawara us-760S,Metone 083D,Metone 024 A,Metone 014A,Metone 024 A,Metone 014A,-,-,-,"NO,NOx",無進行手動監測,11,15.5,360,,,,,"30,472",461,420.1,893.4,1947.7,204.5,2.1,4168.4,1994.4,4168.4,26.7,54.6,454.2,3819.6,93.6,17.5,44.3,2.5,0.5,81.5,45.4,50.9,5.9,1,10.3,46.6,,,,,,,,,,,,,,,,
朴子,朴子國小,雲嘉南空品區,1991/7/19,一般站,-,嘉義縣,朴子市,嘉義縣朴子市山通路11號,北緯：23度28分1.6秒 東經：120度14分52.1秒,,HORIBA_APMA360,ECOTECH_ML9841,ECOTECH_ML9810,METONE_BAM1020,METONE_BAM1020,ECOTECH_ML9850,-,Metone 083D,Ogasawara us-760S,Metone 083D,Metone 024 A,Metone 014A,Metone 024 A,Metone 014A,-,-,,"NO,NOx",有進行手動監測,3,3.5,360,,,,,"40,920",825,33.2,268.2,87.7,21.2,0.9,1371.8,986.7,1371.8,13.8,28.8,739.2,3408.5,69.3,16.1,4.8,0.4,1.8,82.2,54.4,28.6,28.9,1.7,40.8,71,,,,,,,,,,,,,,,,
臺西,台西國小,雲嘉南空品區,1991/7/19,工業站,-,雲林縣,臺西鄉,雲林縣台西鄉台西村民權路9號,北緯：23度42分7.8秒 東經：120度11分57.6秒,,HORIBA_APMA360,ECOTECH_ML9841,ECOTECH_ML9810,METONE_BAM1020,METONE_BAM1020,ECOTECH_ML9850,HORIBA,Metone 083D,Ogasawara us-760S,Metone 083D,Metone 024 A,Metone 014A,Metone 024 A,Metone 014A,-,-,-,"NO,NOx,CH4,THC",無進行手動監測,11,15.5,360,,,,,"22,322",413,849.1,3880.2,841.8,226.9,0.5,916.4,577.2,916.4,8.8,18.2,509.4,2024.2,98.9,80.6,43.7,7.2,0.1,19,29.9,28.9,1,0.4,26.4,63.9,,,,,,,,,,,,,,,,
嘉義,國立嘉義大學新民校區,雲嘉南空品區,1991/7/19,一般站,-,嘉義市,西區,嘉義市西區新民路580號,北緯：23度27分53.2秒 東經：120度26分28.5秒,,HORIBA_APMA360,ECOTECH_ML9841,ECOTECH_ML9810,METONE_BAM1020,METONE_BAM1020,ECOTECH_ML9850,HORIBA,Metone 083D,Ogasawara us-760S,Metone 083D,Metone 024 A,Metone 014A,Metone 024 A,Metone 014A,-,-,-,"NO,NOx,CH4,THC",有進行手動監測,13,17.5,360,,,,,"144,729","4,845",416.4,1305.6,2689.1,312.1,2.5,4736.3,2329.8,4736.3,39.6,78.5,203.5,4470.2,90.8,21.3,51.5,3.3,0.5,77.4,44.6,49.8,8.7,1.3,3.9,46.9,,,,,,,,,,,,,,,,
新營,新營國小,雲嘉南空品區,1991/7/19,一般站,-,臺南市,新營區,臺南市新營區中正路4號,北緯：23度18分20.3秒 東經：120度19分2.1秒,,HORIBA_APMA360,ECOTECH_ML9841,ECOTECH_ML9810,METONE_BAM1020,METONE_BAM1020,ECOTECH_ML9850,HORIBA,Metone 083D,Ogasawara us-760S,Metone 083D,Metone 024 A,Metone 014A,Metone 024 A,Metone 014A,Ogasawara us-760S,Ogasawara us-760S,,"NO,NOx,CH4,THC",有進行手動監測,6,10.5,360,,,,,"74,925","1,944",336.1,429,432.7,192.9,2.1,4054.9,1697.3,4054.9,19.1,39,764.2,4797.1,94.1,9.5,15,2.1,0.6,89.7,58.6,44.8,5.3,0.8,26.4,53.1,,,,,,,,,,,,,,,,
善化,亞洲蔬菜中心,雲嘉南空品區,1991/7/19,一般站,-,臺南市,善化區,臺南市善化區益民寮60號,北緯：23度6分48.2秒 東經：120度17分50.7秒,,HORIBA_APMA360,ECOTECH_ML9841,ECOTECH_ML9810,METONE_BAM1020,METONE_BAM1020,ECOTECH_ML9850,-,Metone 083D,Ogasawara us-760S,Metone 083D,Metone 024 A,Metone 014A,Metone 024 A,Metone 014A,-,-,-,"NO,NOx",無進行手動監測,0,4.5,360,,,,,"51,563",932,399.6,1485.5,4063.7,319.9,3.3,5713,2848,5713,34,65.2,2067.6,11133.3,91.5,20.5,45.3,1.9,0.8,78.7,31.7,33.3,7.7,0.8,23,64.8,,,,,,,,,,,,,,,,
安南,安順國小,雲嘉南空品區,1991/7/19,一般站,-,臺南市,安南區,臺南市安南區安和路三段193號,北緯：23度2分53.5秒 東經：120度13分3秒,,HORIBA_APMA360,ECOTECH_ML9841,ECOTECH_ML9810,METONE_BAM1020,METONE_BAM1020,ECOTECH_ML9850,HORIBA,Metone 083D,Ogasawara us-760S,Metone 083D,Metone 024 A,Metone 014A,Metone 024 A,Metone 014A,-,-,-,"NO,NOx,CH4,THC",無進行手動監測,11,15.4,360,,,,,"197,703","1,844",312.9,704.8,4663.7,237.3,4.4,6460.4,4464,6460.4,98.5,195.4,881.3,21574.1,75.3,9.6,46.6,0.8,1.1,87.8,44.6,22.9,23.6,2.6,8.8,76.3,,,,,,,,,,,,,,,,
臺南,中山國中,雲嘉南空品區,1991/7/19,一般站,-,臺南市,中西區,臺南市中西區南寧街45號,北緯：22度59分4.48秒 東經：120度12分9.43秒,,HORIBA_APMA360,ECOTECH_ML9841,ECOTECH_ML9810,METONE_BAM1020,METONE_BAM1020,ECOTECH_ML9850,HORIBA,Metone 083D,Ogasawara us-760S,Metone 083D,Metone 024 A,Metone 014A,Metone 024 A,Metone 014A,-,-,-,"NO,NOx,CH4,THC",有進行手動監測,7,11.5,360,,,,,"180,053","5,740",369.1,1094.8,3881.2,236.7,4.4,6521.6,4450.6,6521.6,98.7,198.1,1034.2,20265.5,78.2,14,41.4,0.9,0.9,83.5,47.5,24.1,20.9,2.5,11.1,75,,,,,,,,,,,,,,,,
美濃,中壇國小,高屏空品區,1991/7/19,一般站,-,高雄市,美濃區,高雄市美濃區中壇里忠孝路19號,北緯：22度53分0.9秒 東經：120度31分50秒,,HORIBA_APMA360,ECOTECH_ML9841,ECOTECH_ML9810,METONE_BAM1020,METONE_BAM1020,ECOTECH_ML9850,-,Metone 083D,Ogasawara us-760S,Metone 083D,Metone 024 A,Metone 014A,Metone 024 A,Metone 014A,-,-,-,"NO,NOx",有進行手動監測,7,11,360,,,,,"37,533",313,36.4,28.8,25.9,304.9,0.7,1045.4,874.6,1045.4,8.9,18.5,543.1,1088.1,79.1,2.6,1.8,12.5,1.5,95.7,60.6,42.9,19.4,1.7,37.6,44.6,,,,,,,,,,,,,,,,
橋頭,橋頭區公所,高屏空品區,1991/7/19,背景站,-,高雄市,橋頭區,高雄市橋頭區隆豐北路1號,北緯：22度45分27秒 東經：120度18分20.5秒,,HORIBA_APMA360,ECOTECH_ML9841,ECOTECH_ML9810,METONE_BAM1020,METONE_BAM1020,ECOTECH_ML9850,HORIBA,Metone 083D,Ogasawara us-760S,Metone 083D,Metone 024 A,Metone 014A,Metone 024 A,Metone 014A,Ogasawara us-760S,Ogasawara us-760S,,"NO,NOx,CH4,THC",無進行手動監測,7,11,360,,,,,"40,138","1,548",1190.2,3588.2,4453.1,693.4,4.5,6805.4,5681.4,6805.4,66.1,138.1,5668.2,4080.7,94.4,34.1,28.2,6,0.4,64.6,36,58.8,5.2,1.3,35.8,35.2,,,,,,,,,,,,,,,,
仁武,八卦國小,高屏空品區,1991/7/19,一般站,-,高雄市,仁武區,高雄市仁武區八卦里永仁街555號,北緯：22度41分20.6秒 東經：120度19分57.5秒,,HORIBA_APMA360,ECOTECH_ML9841,ECOTECH_ML9810,METONE_BAM1020,METONE_BAM1020,ECOTECH_ML9850,HORIBA,Metone 083D,Ogasawara us-760S,Metone 083D,Metone 024 A,Metone 014A,Metone 024 A,Metone 014A,-,-,-,"NO,NOx,CH4,THC",無進行手動監測,9,13.5,360,,,,,"94,465","2,618",1170.7,3564.5,3916.8,581,6.3,9047.8,8578,9047.8,149.3,318.7,2954.1,7317.5,88.3,27.6,25.4,3.4,0.5,70,55.5,53.4,11.2,2.4,19.1,43.2,,,,,,,,,,,,,,,,
鳳山,曹公國小,高屏空品區,1991/7/19,交通站,-,高雄市,鳳山區,高雄市鳳山區曹公路6號,北緯：22度37分41.3秒 東經：120度21分26.7秒,,HORIBA_APMA360,ECOTECH_ML9841,ECOTECH_ML9810,METONE_BAM1020,METONE_BAM1020,ECOTECH_ML9850,HORIBA,Metone 083D,Ogasawara us-760S,Metone 083D,Metone 024 A,Metone 014A,Metone 024 A,Metone 014A,Ogasawara us-760S,Ogasawara us-760S,-,"NO,NOx,CH4,THC",無進行手動監測,2.5,2.5,360,,,,,"355,490","13,285",7304.6,10340.2,5133,2594.8,6.5,9126.9,9172,9126.9,159.9,342.4,729.5,8646,97.8,52.2,34.1,12.7,0.1,46.1,61,44.8,2.1,1.7,4.9,42.5,,,,,,,,,,,,,,,,
大寮,潮寮國小,高屏空品區,1991/7/19,一般站,-,高雄市,大寮區,高雄市大寮區潮寮路61號,北緯：22度33分50.9秒 東經：120度25分31.1秒,,HORIBA_APMA360,ECOTECH_ML9841,ECOTECH_ML9810,METONE_BAM1020,METONE_BAM1020,ECOTECH_ML9850,HORIBA,Metone 083D,Ogasawara us-760S,Metone 083D,Metone 024 A,Metone 014A,Metone 024 A,Metone 014A,-,-,-,"NO,NOx,CH4,THC",無進行手動監測,12,15.5,360,,,,,"111,384","1,568",9209.3,14468.7,7038.9,3335.1,4.4,6083.3,5939.4,6083.3,95.3,203,2245.7,6811,98.9,69.7,46.2,20.5,0,29.3,39,37.5,1.1,1,14.8,42,,,,,,,,,,,,,,,,
林園,汕尾國小,高屏空品區,1991/7/19,一般站,-,高雄市,林園區,高雄市林園區北汕路58巷2號,北緯：22度28分46.2秒 東經：120度24分42.3秒,,HORIBA_APMA360,ECOTECH_ML9841,ECOTECH_ML9810,METONE_BAM1020,METONE_BAM1020,ECOTECH_ML9850,HORIBA,Metone 083D,Ogasawara us-760S,Metone 083D,Metone 024 A,Metone 014A,Metone 024 A,Metone 014A,-,-,-,"NO,NOx,CH4,THC",無進行手動監測,3,8,360,,,,,"68,528","2,123",8805.6,13474.7,5490.6,3138.7,1.1,1500,1634.4,1500,19.5,40.1,1620.6,1886.2,99.8,89.7,62.8,48.1,0,10,18.7,23,0.2,0.3,18.5,28.9,,,,,,,,,,,,,,,,
楠梓,楠梓國小,高屏空品區,1991/7/19,一般站,-,高雄市,楠梓區,高雄市楠梓區楠梓路262號,北緯：22度44分1.2秒 東經：120度19分41.8秒,,HORIBA_APMA360,ECOTECH_ML9841,ECOTECH_ML9810,METONE_BAM1020,METONE_BAM1020,ECOTECH_ML9850,HORIBA,Metone 083D,Ogasawara us-760S,Metone 083D,Metone 024 A,Metone 014A,Metone 024 A,Metone 014A,-,-,-,"NO,NOx,CH4,THC",無進行手動監測,15,18,360,,,,,"190,096","7,360",1268.4,3445.3,4819,644,5.5,8045.6,7175.6,8045.6,106,222.2,3792.6,5798.5,91.9,29.4,30.5,4.4,0.4,68.7,45.5,55.5,7.7,1.9,24,40.1,,,,,,,,,,,,,,,,
左營,大義國中,高屏空品區,2010/1/26,一般站,-,高雄市,左營區,高雄市左營區翠華路687號,北緯：22度40分29.5秒 東經：120度17分34.5秒,,HORIBA_APMA360,ECOTECH_ML9841,ECOTECH_ML9810,METONE_BAM1020,METONE_BAM1020,ECOTECH_ML9850,HORIBA,Metone 083D,Ogasawara us-760S,Metone 083D,Metone 024 A,Metone 014A,Metone 024 A,Metone 014A,-,-,-,"NO,NOx,CH4,THC",無進行手動監測,15,19,360,,,,,"194,376","10,029",1018.5,3255.9,3530,457.1,6.2,8915.7,8473.1,8915.7,153.4,327.3,2919.3,7663.1,86.5,26,23.7,2.7,0.5,71.3,56.8,52.3,13,2.7,19.5,45,,,,,,,,,,,,,,,,
前金,河濱國小,高屏空品區,1991/7/19,一般站,-,高雄市,三民區,高雄市三民區市中一路339號,北緯：22度38分2.1秒 東經：120度17分12.3秒,,HORIBA_APMA360,ECOTECH_ML9841,ECOTECH_ML9810,METONE_BAM1020,METONE_BAM1020,ECOTECH_ML9850,HORIBA,Metone 083D,Ogasawara us-760S,Metone 083D,Metone 024 A,Metone 014A,Metone 024 A,Metone 014A,-,-,-,"NO,NOx,CH4,THC",有進行手動監測,14,17,360,,,,,"329,948","16,675",6874.4,9264.2,4009.7,2318.9,5.3,7597,7531.4,7597,144.8,309.2,130.1,6908.9,97.9,54,34.4,13.8,0.1,44.2,64.5,45.2,2,1.8,1.1,41,,,,,,,,,,,,,,,,
前鎮,獅甲國中,高屏空品區,1991/7/19,工業站,-,高雄市,前鎮區,高雄市前鎮區中山三路43號,北緯：22度36分19.4秒 東經：120度18分27.2秒,,HORIBA_APMA360,ECOTECH_ML9841,ECOTECH_ML9810,METONE_BAM1020,METONE_BAM1020,ECOTECH_ML9850,HORIBA,Metone 083D,Ogasawara us-760S,Metone 083D,Metone 024 A,Metone 014A,Metone 024 A,Metone 014A,-,-,-,"NO,NOx,CH4,THC",無進行手動監測,8,12.5,360,,,,,"180,437","9,437",8447.7,12370.2,5545.2,3079.7,5.2,7344.9,7569.8,7344.9,144.8,311.1,2143.6,7136.7,98.3,61.8,36.3,17.5,0.1,36.7,49.6,41.8,1.6,1.5,14.1,40.7,,,,,,,,,,,,,,,,
小港,小港國中,高屏空品區,1991/7/19,一般站,-,高雄市,小港區,高雄市小港區平和南路185號,北緯：22度33分57秒 東經：120度20分15.8秒,,HORIBA_APMA360,ECOTECH_ML9841,ECOTECH_ML9810,METONE_BAM1020,METONE_BAM1020,ECOTECH_ML9850,HORIBA,Metone 083D,Ogasawara us-760S,Metone 083D,Metone 024 A,Metone 014A,Metone 024 A,Metone 014A,Ogasawara us-760S,Ogasawara us-760S,-,"NO,NOx,CH4,THC",無進行手動監測,15,19.5,360,,,,,"154,693","3,404",9046.8,14738.8,7102.2,3273.9,4.5,6224.1,6630,6224.1,120.4,258.3,2085.7,6687.5,98.6,69.5,44.9,20.2,0,29.3,41.9,38.5,1.4,1.2,13.2,41.3,,,,,,,,,,,,,,,,
屏東,中正國小,高屏空品區,1991/7/19,一般站,-,屏東縣,屏東市,屏東市蘇州街75號,北緯：22度40分23.1秒 東經：120度29分16.9秒,,HORIBA_APMA360,ECOTECH_ML9841,ECOTECH_ML9810,METONE_BAM1020,METONE_BAM1020,ECOTECH_ML9850,HORIBA,Metone 083D,Ogasawara us-760S,Metone 083D,Metone 024 A,Metone 014A,Metone 024 A,Metone 014A,-,-,,"NO,NOx,CH4,THC",有進行手動監測,10,14.5,360,,,,,"193,872","2,980",246.1,401.7,969.7,217.6,2.5,3627.6,3050.8,3627.6,39.8,79.7,421.3,4260.7,85.3,9.8,21.8,2.7,0.9,88.3,68.7,44.8,13.8,1.9,9.5,52.5,,,,,,,,,,,,,,,,
潮州,潮東國小,高屏空品區,1991/7/19,一般站,-,屏東縣,潮州鎮,屏東縣潮州鎮九塊里復興路66號,北緯：22度31分23.2秒 東經：120度33分40.2秒,,HORIBA_APMA360,ECOTECH_ML9841,ECOTECH_ML9810,METONE_BAM1020,METONE_BAM1020,ECOTECH_ML9850,HORIBA,Metone 083D,Ogasawara us-760S,Metone 083D,Metone 024 A,Metone 014A,Metone 024 A,Metone 014A,-,-,-,"NO,NOx,CH4,THC",無進行手動監測,7,11,360,,,,,"53,125","1,252",60,215.6,138.3,58.4,1.5,2222.9,1627.3,2222.9,20,39.4,1545.1,2682.9,73.7,8.7,4.2,1.2,1.8,89.7,49.2,44.8,24.5,1.6,46.6,54,,,,,,,,,,,,,,,,
恆春,畜牧試驗所,高屏空品區,1991/7/19,一般站,公園站,屏東縣,恆春鎮,屏東縣恆春鎮公園路44號,北緯：21度57分29秒 東經：120度47分20.1秒,,HORIBA_APMA360,ECOTECH_ML9841,ECOTECH_ML9810,METONE_BAM1020,METONE_BAM1020,ECOTECH_ML9850,-,Metone 083D,Ogasawara us-760S,Metone 083D,Metone 024 A,Metone 014A,Metone 024 A,Metone 014A,Ogasawara us-760S,Ogasawara us-760S,-,"NO,NOx",有進行手動監測,0,4.5,360,,,,,"29,870",218,2.7,15.2,2.4,5.5,0.2,233.6,214.7,233.6,3.1,6.3,970.4,429,45.4,6,0.2,0.8,2.8,91.6,18.1,35,51.8,2.4,81.7,64.2,,,,,,,,,,,,,,,,
臺東,臺東縣政府,花東空品區,1991/7/19,一般站,-,臺東縣,台東市,臺東市中山路276號,北緯：22度45分19.3秒 東經：121度9分1.6秒,,HORIBA_APMA360,ECOTECH_ML9841,ECOTECH_ML9810,METONE_BAM1020,METONE_BAM1020,ECOTECH_ML9850,HORIBA,Metone 083D,Ogasawara us-760S,Metone 083D,Metone 024 A,Metone 014A,Metone 024 A,Metone 014A,Ogasawara us-760S,Ogasawara us-760S,-,"NO,NOx,CH4,THC",有進行手動監測,9,13,360,,,,,"103,286",941,99.4,112.3,24.1,206.9,0.5,731.2,582.1,731.2,8.7,15.6,217.8,1573.1,91.6,13.1,2.9,8.2,0.5,85.1,70.6,29.1,7.9,1.8,26.5,62.7,,,,,,,,,,,,,,,,
花蓮,中正國小,花東空品區,1991/7/19,一般站,-,花蓮縣,花蓮市,花蓮市中正路210號,北緯：23度58分16.7秒 東經：121度35分59.2秒,,HORIBA_APMA360,ECOTECH_ML9841,ECOTECH_ML9810,METONE_BAM1020,METONE_BAM1020,ECOTECH_ML9850,HORIBA,Metone 083D,Ogasawara us-760S,Metone 083D,Metone 024 A,Metone 014A,Metone 024 A,Metone 014A,Ogasawara us-760S,Ogasawara us-760S,-,"NO,NOx,CH4,THC",有進行手動監測,11,14.5,360,,,,,"99,691","3,390",357.8,399.1,215.3,199.9,0.7,981.2,787.6,981.2,16.5,29.9,1039.2,884.8,95.4,28.3,10.5,9.7,0.2,69.6,38.6,47.5,4.4,2.1,50.9,42.8,,,,,,,,,,,,,,,,
陽明,陽明山鞍部氣象站,北部空品區,1991/7/19,公園站,-,臺北市,北投區,臺北市北投區竹子湖路111號,北緯：25度10分57.8秒 東經：121度31分46.5秒,,HORIBA_APMA360,ECOTECH_ML9841,ECOTECH_ML9810,METONE_BAM1020,METONE_BAM1020,ECOTECH_ML9850,-,Metone 083D,Ogasawara us-760S,Metone 083D,-,-,Metone 024 A,Metone 014A,Ogasawara us-760S,Ogasawara us-760S,-,"NO,NOx",有進行手動監測,0,4.5,360,,,,,"239,790","4,220",89.4,636.4,191.3,81.5,2.4,1860.6,2679.6,1860.6,58.7,129.7,100.1,3361.9,59.4,24.2,6.4,1.5,1.6,70.8,90.2,35.1,39,5,3.4,63.4,,,,,,,,,,,,,,,,
宜蘭,復興國中,宜蘭空品區,2007/12/1,一般站,-,宜蘭縣,宜蘭市,宜蘭縣宜蘭市復興路二段77號,北緯：24度44分52.5秒 東經：121度44分47秒,,HORIBA_APMA360,ECOTECH_ML9841,ECOTECH_ML9810,METONE_BAM1020,METONE_BAM1020,ECOTECH_ML9850,HORIBA,Metone 083D,Ogasawara us-760S,Metone 083D,Metone 024 A,Metone 014A,Metone 024 A,Metone 014A,-,-,-,"CO2,NO,NOx,CH4,THC",有進行手動監測,14,18.5,360,,,,,"94,516","3,214",72,68.4,114.3,321.8,1.5,1916.1,1344.1,1916.1,26.7,47.2,510.1,1881.1,71.9,3.4,5.8,7.8,1.5,94.3,68.3,46.5,26.6,2.3,25.9,45.7,,,,,,,,,,,,,,,,
冬山,冬山國中,宜蘭空品區,1991/7/19,一般站,-,宜蘭縣,冬山鄉,宜蘭縣冬山鄉南興村照安路26號,北緯：24度37分55.9秒 東經：121度47分34.5秒,,HORIBA_APMA360,ECOTECH_ML9841,ECOTECH_ML9810,METONE_BAM1020,METONE_BAM1020,ECOTECH_ML9850,-,Metone 083D,Ogasawara us-760S,Metone 083D,Metone 024 A,Metone 014A,Metone 024 A,Metone 014A,Ogasawara us-760S,Ogasawara us-760S,-,"NO,NOx",無進行手動監測,10,14.5,360,,,,,"52,752",661,435.8,4204,821.9,1021.7,1,1279.5,904.5,1279.5,17.2,30.1,818.8,1388,96,76.2,32.3,27.7,0.2,23.2,35.5,34.7,3.8,0.6,32.2,37.6,,,,,,,,,,,,,,,,
三重,三重交流道旁,北部空品區,1995/10/1,交通站,-,新北市,三重區,新北市三重區三和路重陽路交口,北緯：25度4分21.4秒 東經：121度29分37.7秒,,HORIBA_APMA360,ECOTECH_ML9841,ECOTECH_ML9810,METONE_BAM1020,METONE_BAM1020,ECOTECH_ML9850,HORIBA,Metone 083D,Ogasawara us-760S,Metone 083D,-,-,-,-,-,-,-,"NO,NOx,CH4,THC",無進行手動監測,0,3.5,360,,,,,"378,723","23,210",379.1,1129.6,2320.9,215.9,13.2,11081.3,13386.1,11081.3,383.2,810.5,2305.6,16903.1,48.9,8.7,12.9,0.8,1.7,85.1,74.3,39.3,49.4,6.2,12.8,59.9,,,,,,,,,,,,,,,,
中壢,中壢國小,北部空品區,1995/10/1,交通站,-,桃園市,中壢區,桃園市中壢區延平路622號,北緯：24度57分11.8秒 東經：121度13分18秒,,HORIBA_APMA360,ECOTECH_ML9841,ECOTECH_ML9810,METONE_BAM1020,METONE_BAM1020,ECOTECH_ML9850,HORIBA,Metone 083D,Ogasawara us-760S,Metone 083D,Metone 024 A,Metone 014A,Metone 024 A,Metone 014A,-,-,-,"NO,NOx,CH4,THC",無進行手動監測,0,3.5,360,,,,,"420,793","5,499",1093.8,2190.8,8057.5,545.6,7.2,8488.9,4964.8,8488.9,132.4,282.7,682.4,13559.6,88.7,20,58.8,2.4,0.6,77.4,36.2,37.6,10.7,2.6,5,60,,,,,,,,,,,,,,,,
竹山,雲林國小,中部空品區,1995/12/1,一般站,-,南投縣,竹山鎮,南投縣竹山鎮大明路666號,北緯：23度45分23秒 東經：120度40分38.3秒,,HORIBA_APMA360,ECOTECH_ML9841,ECOTECH_ML9810,METONE_BAM1020,METONE_BAM1020,ECOTECH_ML9850,HORIBA,Metone 083D,Ogasawara us-760S,Metone 083D,Metone 024 A,Metone 014A,Metone 024 A,Metone 014A,-,-,-,"NO,NOx,CH4,THC",無進行手動監測,7,11.5,360,,,,,"52,062",211,233.6,432.2,1143.1,192,1,1720.8,875.8,1720.8,13,30.7,246.2,1386.8,94.4,19.8,50.5,5.8,0.4,78.8,38.7,52.2,5.2,1.4,10.8,42,,,,,,,,,,,,,,,,
永和,永和中正花園,北部空品區,1996/7/1,交通站,-,新北市,永和區,新北市永和區永和路光復路交口,北緯：25度1分1.2秒 東經：121度30分58.7秒,,HORIBA_APMA360,ECOTECH_ML9841,ECOTECH_ML9810,METONE_BAM1020,METONE_BAM1020,ECOTECH_ML9850,HORIBA,Metone 083D,Ogasawara us-760S,Metone 083D,Metone 024 A,Metone 014A,Metone 024 A,Metone 014A,-,-,-,"NO,NOx,CH4,THC",無進行手動監測,0,3.5,360,,,,,"210,836","36,899",294.9,874,2613.2,186.1,13,10961.2,12992.6,10961.2,378.6,798.9,2317,15912.5,43,6.9,14.6,0.7,1.9,86.8,72.5,40.5,55.1,6.3,12.9,58.8,,,,,,,,,,,,,,,,
復興,復興國小,高屏空品區,1996/7/1,交通站,-,高雄市,前鎮區,高雄市前鎮區民權二路331號,北緯：22度36分31.4秒 東經：120度18分43.3秒,,HORIBA_APMA360,ECOTECH_ML9841,ECOTECH_ML9810,METONE_BAM1020,METONE_BAM1020,ECOTECH_ML9850,HORIBA,Metone 083D,Ogasawara us-760S,Metone 083D,Metone 024 A,Metone 014A,Metone 024 A,Metone 014A,-,-,-,"NO,NOx,CH4,THC",無進行手動監測,0,3.5,300,,,,,"180,437","9,437",8523.1,12445.1,5636.5,3115.2,5.5,7777.9,7937.2,7777.9,148.4,319.6,2144,7514,98.2,60.6,35.9,16.9,0.1,37.9,50.5,42.3,1.7,1.5,13.6,40.8,,,,,,,,,,,,,,,,
埔里,埔里國中,中部空品區,1998/5/12,其它站,-,南投縣,埔里鎮,南投縣埔里鎮西安路一段193號,北緯：23度58分7.8秒 東經：120度58分4.5秒,,HORIBA_APMA360,ECOTECH_ML9841,ECOTECH_ML9810,METONE_BAM1020,METONE_BAM1020,ECOTECH_ML9850,HORIBA,Metone 083D,Ogasawara us-760S,Metone 083D,Metone 024 A,Metone 014A,Metone 024 A,Metone 014A,-,-,-,"NO,NOx,CH4,THC",無進行手動監測,15,19.5,360,,,,,"77,448",477,21.9,20,21.5,20.4,0.5,758.2,550.9,758.2,9.1,23.2,248.1,1021.9,69.4,2.5,2.6,1.1,1.7,94.6,67.1,42.1,28.9,2.9,30.3,56.8,,,,,,,,,,,,,,,,
馬祖,介壽水資源回收中心,其他,1999/5/15,一般站,-,連江縣,南竿鄉,連江縣南竿鄉介壽村156-10號,北緯：26度15分28.8秒 東經：120度35分28.6秒,,HORIBA_APMA360,ECOTECH_ML9841,ECOTECH_ML9810,METONE_BAM1020,METONE_BAM1020,ECOTECH_ML9850,HORIBA,Metone 083D,Ogasawara us-760S,Metone 083D,Metone 024 A,Metone 014A,Metone 024 A,Metone 014A,Ogasawara us-760S,Ogasawara us-760S,-,"NO,NOx,CH4,THC",有進行手動監測,12,16.5,360,,,,,"7,775",748,31.4,842.8,0.1,12.2,0.04,116,24.3,116,0.7,1.1,33.4,455.5,97.6,87.8,0.1,2.1,0.1,12.1,42.1,19.9,2.3,0.1,57.8,78,,,,,,,,,,,,,,,,
金門,金門金城國中,其他,2002/2/27,一般站,-,金門縣,金城鎮,金門縣金城鎮民權路32號,北緯：24度25分55.7秒 東經：118度18分44.1秒,,HORIBA_APMA360,ECOTECH_ML9841,ECOTECH_ML9810,METONE_BAM1020,METONE_BAM1020,ECOTECH_ML9850,HORIBA,Metone 083D,Ogasawara us-760S,Metone 083D,Metone 024 A,Metone 014A,Metone 024 A,Metone 014A,Ogasawara us-760S,Ogasawara us-760S,-,"NO,NOx,CH4,THC",有進行手動監測,10,14.5,360,,,,,"42,301","1,948",235.6,3596.9,510.3,74.3,0.2,419.4,189.2,419.4,7.7,12.3,232.3,886.8,96.7,89.3,54.8,5.4,0.1,10.4,20.3,30.4,3.2,0.3,24.9,64.2,,,,,,,,,,,,,,,,
馬公,澎湖縣衛生局,其他,2003/11/26,一般站,-,澎湖縣,馬公市,澎湖縣馬公市中正路115號,北緯：23度34分8.5秒 東經：119度33分58.2秒,,HORIBA_APMA360,ECOTECH_ML9841,ECOTECH_ML9810,METONE_BAM1020,METONE_BAM1020,ECOTECH_ML9850,HORIBA,Metone 083D,Ogasawara us-760S,Metone 083D,Metone 024 A,Metone 014A,Metone 024 A,Metone 014A,Ogasawara us-760S,Ogasawara us-760S,-,"NO,NOx,CH4,THC",有進行手動監測,11,15,360,,,,,"62,996","1,853",3.8,42.2,30.3,15.7,0.3,583.7,304.5,583.7,6.8,12.5,544.2,1029.9,34.5,6.6,3.4,1,2.8,91.4,34.6,35.8,62.7,2,62,63.2,,,,,,,,,,,,,,,,
關山,關山鎮圖書館,花東空品區,2005/8/10,其它站,-,臺東縣,關山鎮,臺東縣關山鎮自強路66號,北緯：23度2分42.3秒 東經：121度9分43秒,,HORIBA_APMA360,ECOTECH_ML9841,ECOTECH_ML9810,METONE_BAM1020,METONE_BAM1020,ECOTECH_ML9850,-,Metone 083D,Ogasawara us-760S,Metone 083D,Metone 024 A,Metone 014A,Metone 024 A,Metone 014A,-,-,-,"NO,NOx",無進行手動監測,11,15.5,360,,,,,"8,218",140,1.4,1.1,1.8,43.3,0.1,209.2,143.7,209.2,1.5,2.9,173.2,503.8,45.1,0.5,0.6,5.7,4.1,98.1,45.1,27.7,50.8,1.4,54.3,66.6,,,,,,,,,,,,,,,,
麥寮,雲林縣麥寮鄉保安食堂,雲嘉南空品區,2011/5/30,工業站,-,雲林縣,麥寮鄉,雲林縣麥寮鄉中興路115號,北緯：23度45分12.6秒 東經：120度15分6.6秒,,HORIBA_APMA360,ECOTECH_ML9841,ECOTECH_ML9810,METONE_BAM1020,METONE_BAM1020,ECOTECH_ML9850,HORIBA,Metone 083D,Ogasawara us-760S,Metone 083D,Metone 024 A,Metone 014A,Metone 024 A,Metone 014A,-,-,-,"NO,NOx,CH4,THC",無進行手動監測,8,12.5,360,,,,,"48,825",609,5122.2,13010.8,3084.1,1078.5,0.7,1124,720.6,1124,9.7,19.5,731.4,2454,99.8,91.9,68,23.2,0,7.9,15.9,24.1,0.2,0.2,16.1,52.7,,,,,,,,,,,,,,,,
富貴角,富貴角研站,北部空品區,2017/3/1,背景站,背景站,新北市,石門區,,北緯：25度17分48.5秒 東經：121度32分11.6秒,,TELEDYNE-API_T300U,TELEDYNE-API_T200U,TELEDYNE-API_T400,METONE_BAM1020,METONE_BAM1020,TELEDYNE-API_T100U,HORIBA,Metone 083D,Ogasawara us-760S,Metone 083D,Metone 024 A,Metone 014A,Metone 024 A,Metone 014A,-,-,-,"NO,NOx,CH4,THC",無進行手動監測,3.2,4.5,360,,,,,"11,019",215,16,22.8,149.2,5,0.5,400.9,550.4,400.9,7.1,18.2,99.3,565.6,67.9,5.2,18.7,0.5,2.1,90.7,68.9,41.3,30,4.1,12.4,58.2,,,,,,,,,,,,,,,,
大城,頂庄安檢所,中部空品區,2021/3/12,其它站,-,彰化縣,大城鄉,彰化縣大城鄉西厝路98號,北緯：23度51分17.8秒 東經：120度16分10.7秒,,HORIBA_APMA360,ECOTECH_ML9841,ECOTECH_ML9810,METONE_BAM1020,METONE_BAM1020,ECOTECH_ML9850,HORIBA,Metone 083D,Ogasawara us-760S,Metone 083D,Metone 024 A,Metone 014A,Metone 024 A,Metone 014A,-,-,-,"NO,NOx,CH4,THC",無進行手動監測,0,0,0,,,,,"15,590",245,5323,13141.9,2861.2,1066.3,0.5,804.6,517.7,804.6,6.2,13.3,410.2,1995.1,99.9,94.1,75.5,27.6,0,5.8,13.7,20.8,0.1,0.1,10.8,51.6,,,,,,,,,,,,,,,,
